"id,""title"",""description"",""published"",""createdAt"",""updatedAt"""
"1,""sdqfsdf"",""sdqfsdf"",""1"",""2022-05-10 08:40:02"",""2022-05-10 08:40:02"""
"2,""aazw"",""nnccdsc"",""0"",""2022-05-10 08:40:15"",""2022-05-10 08:40:15"""
"4,""dddd"",""fffff"",""1"",""2022-05-10 08:40:15"",""2022-05-10 08:40:15"""
"5,""dddd"",""fffff"",""1"",""2022-05-10 08:40:15"",""2022-05-10 08:40:15"""
"6,""dddd"",""fffff"",""1"",""2022-05-10 08:40:15"",""2022-05-10 08:40:15"""
"7,""dddd"",""fffff"",""1"",""2022-05-10 08:40:15"",""2022-05-10 08:40:15"""
"8,""dddd"",""fffff"",""1"",""2022-05-10 08:40:15"",""2022-05-10 08:40:15"""
"9,""dddd"",""fffff"",""1"",""2022-05-10 08:40:15"",""2022-05-10 08:40:15"""
"10,""dddd"",""fffff"",""1"",""2022-05-10 08:40:15"",""2022-05-10 08:40:15"""
"11,""dddd"",""fffff"",""1"",""2022-05-10 08:40:15"",""2022-05-10 08:40:15"""
